id,split,ticket_text,drafted_intent,drafted_urgency,drafted_escalate,drafted_escalation_reasons,why_selected,in_random_block,drafter_note,CORRECTED_intent,CORRECTED_urgency,CORRECTED_escalate,CORRECTED_escalation_reasons,reviewer_note
hl-0018,dev,what do i need to do to get my bills from Callum Reid,billing_and_payment,low,false,,random control,true,"This appears to be a request for bills from an unrelated person, though it could be a vague request for a Hearth & Loom invoice.",,,,,Confirmed after the sweep dropped the out_of_scope escalation. 'Bills' is an invoice request; a personal name in the ticket is not grounds for out_of_scope (brief v2 §3).
hl-0020,test,status of order,delivery_and_shipping,normal,false,,random control,true,"A request for an order's status is a delivery-and-shipping query, and no time-critical or escalation trigger is stated.",,,,,"Confirmed. Blocked on the status of goods already paid for; matches hl-0028, hl-0086, hl-0212, all normal."
hl-0022,dev,"I need to see your reimbusrement policy, how to do it?",returns_and_refunds,low,false,,random control,true,"This is an informational question about the refund/reimbursement process, with no stated time pressure or escalation trigger.",,,,,"Confirmed. Refund policy question, informational."
hl-0025,test,i try to download bill #37777,billing_and_payment,low,false,,random control,true,"The customer is requesting access to a bill or invoice copy, which is a routine billing request.",,,,,"Confirmed. Invoice download, administrative."
hl-0027,dev,I try to notify of an error with online payments,billing_and_payment,normal,false,,random control,true,"This appears to report an online payment error, but the wording is too vague to determine whether it is a routine payment failure or a potentially consequential payment problem.",,,,,Confirmed. A payment being attempted and failing is billing_and_payment under brief v2 §3; the customer is blocked.
hl-0044,test,i dont knowwhat to do to submit some feedback for a product,feedback_and_complaint,low,false,,random control,true,"The customer is asking how to provide product feedback, with no operational issue or time-sensitive consequence.",,,,,Confirmed. Unsolicited product feedback with no other ask.
hl-0046,test,I'm chasing a boiler service that was booked for the 14th and nobody came. The engineer was supposed to call ahead. This is the second missed appointment. Reference HB-20119.,out_of_scope,normal,true,out_of_scope,random control,true,"A missed boiler-service appointment is not a Hearth & Loom support request, so it is out of scope and requires escalation.",,,,,"Left as drafted. I read it as low (H&L can do nothing, so nothing worsens by waiting) and the three other out_of_scope tickets are all low, but this one has a real customer with a real service failure and the brief says nothing about urgency on out-of-scope tickets. A genuine coin-flip, so the draft stands (D-010). Logged as a brief gap."
hl-0049,test,help talking  with a live agent,human_agent_request,low,false,,random control,true,"The customer explicitly asks to speak with a live agent, with no time-sensitive issue stated.",,,,,Confirmed.
hl-0058,dev,I want assistance creating a premium account for my fiance,account_management,low,false,,random control,true,"The customer is asking for help creating an account, which is an administrative request.",,,,,"Confirmed. 'Premium' is an unfamiliar tier name, which brief v2 §3 says is not grounds for out_of_scope."
hl-0064,test,i want help to check how soon can i expect my order,delivery_and_shipping,low,false,,random control,true,This is an informational request about expected delivery timing with no indication of a delayed order or time-sensitive consequence.,,,,,"Confirmed, and my blind label was the wrong one. I first read it as normal by analogy with hl-0093, but 4 of the 5 delivery_period tickets are low and the brief's normal example turns on the order being late. Nothing here is late. hl-0093 is the outlier and has been corrected instead."
hl-0080,dev,cfan you help me speak to customer service?,human_agent_request,low,false,,random control,true,"The customer explicitly asks to speak to customer service, with no time-sensitive issue stated.",,,,,Confirmed.
hl-0081,test,I want to inform of a sign-up error,account_access,low,false,,random control,true,"A sign-up error is a registration problem, which falls under account access, with no indication of time-sensitive harm.",,,,,"Confirmed. Sign-up failure blocks nothing owed or paid for, so low; matches the nine other registration tickets."
hl-0083,dev,getting invoice from three purchases ago,billing_and_payment,low,false,,random control,true,"The customer is requesting an invoice for a prior purchase, which is an administrative billing request.",,,,,Confirmed.
hl-0123,test,i want assistance to cancel order 50521,order_management,high,false,,random control,true,"This is a request to cancel an order, but it gives no indication that dispatch is imminent.",,,,,Confirmed after the sweep. Cancellation of a named live order is the pre-dispatch window (brief v2 §4).
hl-0129,dev,I want help to enter another delivery address,delivery_and_shipping,low,false,,random control,true,The customer is asking to set or change a delivery address without indicating a time-sensitive existing order.,,,,,"Confirmed. Adding a second address presupposes no live order, so it is administrative (brief v2 §4)."
hl-0134,dev,I need help to talk to a person,human_agent_request,low,false,,random control,true,"The customer explicitly asks to speak to a person, with no indication of urgency or an escalation trigger.",,,,,Confirmed.
hl-0135,dev,I have to see what hours I can call customer service,human_agent_request,low,false,,random control,true,"The customer is asking for a contact route to reach customer service, with no time-sensitive issue stated.",,,,,Confirmed.
hl-0137,dev,i try to see how soon can i expect my shipment,delivery_and_shipping,low,false,,random control,true,This is a general delivery-timescale question with no indication that an order is overdue or otherwise blocked.,,,,,Confirmed; same reasoning as hl-0064. My blind label was the wrong one.
hl-0152,dev,how to check what payment payment modalities are allowed,billing_and_payment,low,false,,random control,true,This is an informational question about accepted payment methods.,,,,,Confirmed.
hl-0153,test,The bunk bed ladder came away from the frame while my son was climbing down. Two of the fixing points had sheared clean off. He's fine but he could easily have broken something. This is order 48770 and I'm quite shaken by it.,product_issue,high,true,product_safety,random control,true,"The failed bunk-bed ladder created a clear risk of physical injury, triggering product-safety escalation and high urgency.",,,,,"Confirmed. A ladder that sheared under a child is product_safety, and brief v2 §5 makes that high. 'Quite shaken' is distress, not severe_customer_anger."
hl-0157,test,help me to purchase some of your article,order_management,low,false,,random control,true,"The customer is seeking help to place a purchase, which is an order-management request.",,,,,"Confirmed. Placing an order, nobody blocked."
hl-0169,dev,I am trying to locate my invoice #85632,billing_and_payment,low,false,,random control,true,"The customer is requesting help locating an invoice, an administrative billing request.",,,,,Confirmed.
hl-0180,dev,I am looking for information about an address update,delivery_and_shipping,low,false,,random control,true,"An address update is classified under delivery and shipping, and this informational request has no stated time pressure.",,,,,"Confirmed. Informational, no live order behind it."
hl-0185,test,I don't know how I can speak with customer support,human_agent_request,low,false,,random control,true,"The customer is asking for a route to speak with support, with no time-sensitive issue stated.",,,,,Confirmed.
hl-0196,dev,I need help lodging a complaint against your company,feedback_and_complaint,low,false,,random control,true,The customer is seeking to make a general complaint with no concrete operational issue stated.,,,,,"Confirmed. A complaint with no operational ask underneath. Complaining about H&L is squarely the support team's remit, and no legal or regulatory route is named, so neither out_of_scope nor legal_or_chargeback_threat applies."
hl-0205,test,help to ssee in what situations can i ask for reimbursements,returns_and_refunds,low,false,,random control,true,"This is a general question about when reimbursements/refunds can be requested, with no stated amount or time pressure.",,,,,Confirmed.
hl-0225,test,i want help to notify of registration problems,account_access,normal,false,,random control,true,"This appears to report a registration problem, which is account access, but the vague wording could also be read as a request for a contact route.",,low,,,"CORRECTED normal -> low. Nine of the twelve registration tickets are low, including hl-0100 and hl-0143 which round 1 reviewed and confirmed, and hl-0175 is almost word for word the same. A sign-up problem blocks nothing the customer is owed or has paid for, which is what the brief's normal requires."
hl-0244,dev,Someone has been in my account. There's an order I didn't place going to an address in Manchester and my delivery address has been changed. I've not shared my password with anyone. Please stop that order and lock the account.,account_access,high,true,account_security,random control,true,"This is suspected unauthorised account access with an unrecognised order and address change, requiring urgent security handling.",,,,,Confirmed. Unauthorised access with an order the customer did not place; high on both active misuse and the order to stop before dispatch. Account compromise is the first-mentioned and the root of the other asks (brief v2 §3).
hl-0246,test,i need assistance to submit feedback about a service,feedback_and_complaint,low,false,,random control,true,"The customer is seeking help to submit service feedback, with no concrete operational issue or urgency stated.",,,,,Confirmed.
hl-0252,dev,correct info on gold account,account_management,low,false,,random control,true,"This most likely requests correction of account information, though “gold account” could refer to an unrelated account or company.",,,,,"Confirmed. 'Gold account' is an unfamiliar tier name, not grounds for out_of_scope (brief v2 §3)."
